<?xml version="1.0" encoding="utf-8"?>
<metadata>
    <layout title="COM_DT_WHATSAPP_TENANTS_CONFIGS_TITLE_ITEM_VIEW_WHATSAPPTENANTSCONFIG" option="View">
        <message>
                        <![CDATA[COM_DT_WHATSAPP_TENANTS_CONFIGS_TITLE_ITEM_VIEW_WHATSAPPTENANTSCONFIG_DESC]]>
        </message>
    </layout>
    <fields name="request">
        <fieldset 
            name="request"
            label="COM_DT_WHATSAPP_TENANTS_CONFIGS_FIELDSET_ITEM_ID_SELECT_LABEL">
            <field
                name="id"
                query="SELECT `id`, `app_id` FROM #__dt_whatsapp_tenants_configs ORDER BY `id`"
                type="sql"
                key_field="id" 
                value_field="app_id"
                label="COM_DT_WHATSAPP_TENANTS_CONFIGS_ITEM_ID_SELECT_LABEL"
                require="true"
                description="JGLOBAL_SHOW_TITLE_DESC">
            </field>
        </fieldset>
    </fields>
</metadata>
