<?xml version="1.0"?>
<component>
  <table action="add" table_name="#__dt_whatsapp_tenants_configs" storage_engine="" collation="utf8mb4_unicode_ci">
    <field field_name="id" field_type="INT" field_length="11" is_autoincrement="1" index="primary" description=""/>
    <field field_name="state" field_type="TINYINT" field_length="1" index="index" description=""/>
    <field field_name="ordering" field_type="INT" field_length="11" default="0" index="index" description=""/>
    <field field_name="checked_out" field_type="INT" field_length="11" index="index" description=""/>
    <field field_name="checked_out_time" field_type="DATETIME" description=""/>
    <field field_name="created_by" field_type="INT" field_length="11" index="index" description=""/>
    <field field_name="modified_by" field_type="INT" field_length="11" index="index" description=""/>
    <field field_name="callback_url" field_type="VARCHAR" field_length="255" description=""/>
    <field field_name="app_id" field_type="VARCHAR" field_length="255" description=""/>
    <field field_name="token" field_type="VARCHAR" field_length="255" description=""/>
    <field field_name="phone_number" field_type="VARCHAR" field_length="255" description=""/>
    <field field_name="user_id" field_type="INT" field_length="11" description=""/>
  </table>
</component>
